relative_support,elapsed_time
4,1609667050.8165467
7,1609667017.9380558
10,1609667012.5432088
13,1609667008.4462185
16,1609667007.862543
20,1609667007.7323945
