relative_support,elapsed_time
4,1618431492.67771
7,1618431492.67771
10,1618431492.67771
13,1618431492.67771
16,1618431492.67771
20,1618431492.67771
