relative_support,elapsed_time
4,1618432368.7176716
7,1618432368.7176716
10,1618432368.7176716
13,1618432368.7176716
16,1618432368.7176716
20,1618432368.7176716
