relative_support,elapsed_time
4,1618427418.2080293
7,1618427418.2080293
10,1618427418.2080293
13,1618427418.2080293
16,1618427418.2080293
20,1618427418.2080293
