relative_support,elapsed_time
4,1609689403.033521
7,1609689403.0258486
10,1609689403.0207608
13,1609689403.0213022
16,1609689403.0228941
20,1609689403.0119166
