relative_support,elapsed_time
0.3,1618431492.6218174
0.5,1618431492.6218174
1.0,1618431492.6218174
1.5,1618431492.6218174
2.0,1618431492.6218174
2.5,1618431492.6218174
3.0,1618431492.6218174
