relative_support,elapsed_time
0.3,1618427307.850386
0.5,1618427307.850386
1.0,1618427307.850386
1.5,1618427307.850386
2.0,1618427307.850386
2.5,1618427307.850386
3.0,1618427307.850386
